X,Y,OBJECTID,GLOBAL_ID,REMARKS,ILS_TYPE,IDENT,CAT_CODE,CHANNEL,NAS_USE,CLASS,NAME,CITY,STATE,COUNTRY,AK_LOW,AK_HIGH,US_LOW,US_HIGH,US_AREA,PACIFIC
-81.054585833,34.9981994440001,1,BD59AAA1-6923-44DB-A65D-684D38A1E178,,14,I-UZA,,,,,,ROCK HILL,SC,UNITED STATES,0,0,1,0,0,0
-102.289778611,39.2518608330001,2,6B048CC8-BD18-45A0-8118-90D4F0D0C9DD,,13,I-OBG,,,,,,BURLINGTON,CO,UNITED STATES,0,0,1,0,0,0
-84.683722222,39.0737472220001,3,31251971-B0B3-4C8A-9914-3DCCFA9BD86D,,14,I-VAC,,,,,,COVINGTON,KY,UNITED STATES,0,0,1,0,0,0
-86.6790730559999,36.1255469440001,4,44E3C264-1677-4CA4-B00A-986C7F0D26B2,,14,I-EZN,,,,,,NASHVILLE,TN,UNITED STATES,0,0,1,0,0,0
-117.863232778,33.682349722,5,3A616EE8-4316-4D50-96D7-B5EB63698B68,,13,I-OJW,,,,,,SANTA ANA,CA,UNITED STATES,0,0,1,0,0,0
-105.544592778,44.3597430560001,6,5C1DA80F-BC67-4E0C-A0B1-AC64196957BA,,14,I-LLT,,,,,,GILLETTE,WY,UNITED STATES,0,0,1,0,0,0
-90.21971,32.3275722220001,7,AEE2B291-4121-4B75-BA79-075E6BE75402,,14,I-JHF,,,,,,JACKSON,MS,UNITED STATES,0,0,1,0,0,0
-95.611586389,39.063011944,8,88713BE6-9F40-4775-9648-5CAD6A7A0416,,14,I-TOP,,,,,,TOPEKA,KS,UNITED STATES,0,0,1,0,0,0
-72.651428889,41.7327344440001,9,AE678D2A-D56C-45E6-9B25-882B6964A9E1,,13,I-HFD,,,,,,HARTFORD,CT,UNITED STATES,0,0,1,0,0,0
-85.522939444,36.065088056,10,E6CE5F3B-81A1-48D0-A696-012D592DAF32,,14,I-SRB,,,,,,SPARTA,TN,UNITED STATES,0,0,1,0,0,0
-88.7699311109999,34.281155278,11,1CC6F26B-7E48-4A6D-8FAD-F2A67BF3F927,,14,I-TUP,,,,,,TUPELO,MS,UNITED STATES,0,0,1,0,0,0
-80.5231525,35.637741944,12,FAA9384C-91FF-4F3D-AC6D-B252D4492818,,14,I-RUQ,,,,,,SALISBURY,NC,UNITED STATES,0,0,1,0,0,0
-94.709333611,31.5864377780001,13,FA725B57-C24F-4F1F-A90A-2083B32E2AA3,,14,I-OCH,,,,,,NACOGDOCHES,TX,UNITED STATES,0,0,1,0,0,0
-123.009218889,44.919298611,14,C52BEC78-F3E7-4875-93D1-F42F1AC8DD2B,,14,I-SLE,,,,,,SALEM,OR,UNITED STATES,0,0,1,0,0,0
-86.005903611,31.863852778,15,D3BB345F-2546-4932-BE75-E2C660F6D87A,,14,I-TOI,,,,,,TROY,AL,UNITED STATES,0,0,1,0,0,0
-100.918784167,29.3654108330001,16,5466768A-2241-4D63-AA58-B76E6022168C,,14,I-DRT,,,,,,DEL RIO,TX,UNITED STATES,0,0,1,0,0,0
-85.2685291669999,42.2936708330001,17,4E00B969-BEA9-49ED-9CE6-0AA0BC40046C,,14,I-BTL,,,,,,BATTLE CREEK,MI,UNITED STATES,0,0,1,0,0,0
-81.436804444,39.352758056,18,A6D70F4A-EE52-4410-B0D4-4230A765DDEB,,14,I-PKB,,,,,,PARKERSBURG,WV,UNITED STATES,0,0,1,0,0,0
-82.530842778,40.8351372220001,19,BF4E2F7B-37C5-409B-AF02-EF2F0A41EFAC,,14,I-MFD,,,,,,MANSFIELD,OH,UNITED STATES,0,0,1,0,0,0
-80.394220833,37.86276,20,89B592C9-EF25-44E0-B2AC-7EB109AB7C90,,14,I-LWB,,,,,,LEWISBURG,WV,UNITED STATES,0,0,1,0,0,0
-80.029761111,32.8887916670001,21,0D6EB796-90F2-4B35-ADC6-E927B1085712,,14,I-CHS,,,,,,CHARLESTON,SC,UNITED STATES,0,0,1,0,0,0
-95.4062508329999,30.344794167,22,4782FBDA-1966-481C-ACD6-5F84FF332432,,14,I-CXO,,,,,,HOUSTON,TX,UNITED STATES,0,0,1,0,0,0
-79.355367778,34.8036769440001,23,E43945C2-03E2-4963-AB32-5B6C6E1C0DB6,,14,I-MEB,,,,,,MAXTON,NC,UNITED STATES,0,0,1,0,0,0
-96.371356111,42.3891875,24,A8F94581-197C-40C8-BE97-3E9F9FF03AF8,,14,I-OIQ,,,,,,SIOUX CITY,IA,UNITED STATES,0,0,1,0,0,0
-86.240085278,43.1770455560001,25,F3F72B79-8C2C-42B6-ABE9-1F5716CBB26F,,14,I-MKG,,,,,,MUSKEGON,MI,UNITED STATES,0,0,1,0,0,0
-97.429188056,41.995215278,26,24569B62-C97F-4D6C-9262-8B6C92EF27E8,,14,I-OFK,,,,,,NORFOLK,NE,UNITED STATES,0,0,1,0,0,0
-80.0288597219999,36.6352988890001,27,BD0E36AF-3061-4162-B01B-F4159129B2DB,,13,I-UVM,,,,,,MARTINSVILLE,VA,UNITED STATES,0,0,1,0,0,0
-86.4116430559999,36.9773825,28,616B2AC7-8A80-4999-BEBF-0B6CE09CB33F,,14,I-BWG,,,,,,BOWLING GREEN,KY,UNITED STATES,0,0,1,0,0,0
-84.687591389,45.014461667,29,5FA2BA43-55B0-411D-A2B9-005DE9FD2463,,14,I-GLR,,,,,,GAYLORD,MI,UNITED STATES,0,0,1,0,0,0
-151.260765,60.561163611,30,83074183-D03A-4E46-8DF8-5651A79BF019,,14,I-ENA,,,,,,KENAI,AK,UNITED STATES,1,0,0,0,0,0
-97.854109444,29.8841547220001,31,03CC46D7-F26B-4F96-AE49-1A14110693D8,,14,I-RUM,,,,,,AUSTIN,TX,UNITED STATES,0,0,1,0,0,0
-90.168233333,38.5755705560001,32,52535251-E62B-4943-8F35-F2C055FAB033,,14,I-CPS,,,,,,CAHOKIA/ST LOUIS,IL,UNITED STATES,0,0,0,0,1,0
-87.296181667,39.459881389,33,E0A89417-1573-439D-8EF4-74A3ECD47656,,14,I-HUF,,,,,,TERRE HAUTE,IN,UNITED STATES,0,0,1,0,0,0
-75.4776208329999,44.679694167,34,85820C2C-AFA2-4BBE-A1DA-202C6EB595E0,,13,I-OGS,,,,,,OGDENSBURG,NY,UNITED STATES,0,0,1,0,0,0
-86.7362666669999,33.5751094440001,35,1303A5AC-7A7A-4372-91CA-A23C7A026551,,14,I-BHM,,,,,,BIRMINGHAM,AL,UNITED STATES,0,0,1,0,0,0
-96.1645799999999,46.290795556,36,9B3A1D97-C0F5-482E-8C56-98653DE5F22C,,14,I-FFM,,,,,,FERGUS FALLS,MN,UNITED STATES,0,0,1,0,0,0
-97.413301667,25.8963086110001,37,6993356F-6BCD-47F9-BB48-86D32A325A04,,14,I-BRO,,,,,,BROWNSVILLE,TX,UNITED STATES,0,0,1,0,0,0
-97.031595,34.316709722,38,CB24DA2C-D008-4693-B49D-15677DABD1D9,,14,I-AIW,,,,,,ARDMORE,OK,UNITED STATES,0,0,1,0,0,0
-83.561503333,45.092422222,39,DB8F10C7-1ACF-4DFF-ABA6-17EDEE806E07,,14,I-APN,,,,,,ALPENA,MI,UNITED STATES,0,0,1,0,0,0
-95.0840024999999,46.9087061110001,40,84DC07FC-FAF0-4E98-9CFF-79A7A2BFE46F,,14,I-PKD,,,,,,PARK RAPIDS,MN,UNITED STATES,0,0,1,0,0,0
-83.3730736109999,42.1998722220001,41,C807A1E0-B5F0-48CA-8443-4452DB30BD2D,,14,I-DWC,,,,,,DETROIT,MI,UNITED STATES,0,0,0,0,1,0
-77.601536389,34.838085,42,097DBCAC-A2DE-45B6-9F4C-AC30DC039058,,14,I-OAJ,,,,,,JACKSONVILLE,NC,UNITED STATES,0,0,1,0,0,0
-77.4592758329999,38.9735191670001,43,29A25D49-2533-4586-862A-054C4EE7E346,,14,I-OSZ,,,,,,WASHINGTON,DC,UNITED STATES,0,0,1,0,1,0
-82.393796944,36.487593889,44,DEF8B01E-2401-41BF-ACAC-CFADF9A8220D,,14,I-BON,,,,,,BRISTOL/JOHNSON/KINGSPORT,TN,UNITED STATES,0,0,1,0,0,0
-84.452377778,46.2254425,45,D0862AF9-FC17-4FB8-9472-C39554A40585,,14,I-CIU,,,,,,SAULT STE MARIE,MI,UNITED STATES,0,0,1,0,0,0
-82.422908333,36.462005833,46,A725D650-D639-4329-A84D-2145D58F477B,,14,I-TRI,,,,,,BRISTOL/JOHNSON/KINGSPORT,TN,UNITED STATES,0,0,1,0,0,0
-122.773580556,47.4810105560001,47,5955DB7D-D926-4220-9265-C5808225A5CD,,14,I-PWT,,,,,,BREMERTON,WA,UNITED STATES,1,0,1,0,0,0
-87.022081667,41.4524163890001,48,4172503F-6816-48A7-A84E-35506F3B5E0A,,14,I-VPZ,,,,,,VALPARAISO,IN,UNITED STATES,0,0,1,0,0,0
-87.922995,42.9377958330001,49,4225FB10-E80E-4C55-B473-163C98984846,,13,I-PXY,,,,,,MILWAUKEE,WI,UNITED STATES,0,0,0,0,1,0
-117.213231667,34.101754167,50,A7B5BBBC-314C-47B1-BB6D-B77EBAC7C575,,14,I-SBD,,,,,,SAN BERNARDINO,CA,UNITED STATES,0,0,0,0,1,0
-85.594730833,44.7413613890001,51,F19DF8B4-F79A-4873-9D7D-0E0B6D99A826,,14,I-TVC,,,,,,TRAVERSE CITY,MI,UNITED STATES,0,0,1,0,0,0
-87.885343889,42.9469705560001,52,5CD6799C-B06E-4E94-9549-7B3A6E385837,,14,I-GMF,,,,,,MILWAUKEE,WI,UNITED STATES,0,0,0,0,1,0
-80.082572222,35.0300611110001,53,CA0E54FA-2E95-4CDE-B6A5-609A63976406,,14,I-AFP,,,,,,WADESBORO,NC,UNITED STATES,0,0,1,0,0,0
-92.166697778,46.840993611,54,82C6B9C5-2E2C-4057-BEAB-FC1B24191AD2,,14,I-DLH,,,,,,DULUTH,MN,UNITED STATES,0,0,1,0,0,0
-117.875517222,33.665140278,55,3C78EE02-6E6B-4034-A493-B494EFCE33D9,,14,I-SNA,,,,,,SANTA ANA,CA,UNITED STATES,0,0,1,0,0,0
-147.834635556,64.8305116670001,56,7B840774-1EB4-4303-9631-1F79514812BC,,14,I-CNA,,,,,,FAIRBANKS,AK,UNITED STATES,1,0,0,0,0,0
-159.335878611,21.983056667,57,43BF59ED-0CF8-46DE-9442-D6B702F75F6E,,14,I-LIH,,,,,,LIHUE,HI,UNITED STATES,0,0,0,0,0,1
-80.276336944,25.7860113890001,58,39A268AE-42E2-4640-A933-80251B3143E3,,14,I-GEM,,,,,,MIAMI,FL,UNITED STATES,0,0,1,0,1,0
-91.144012778,30.5268766670001,59,251DA5A8-A89D-4CC0-B858-2E2E0A8ED390,,14,I-BTR,,,,,,BATON ROUGE,LA,UNITED STATES,0,0,1,0,0,0
-90.168233333,38.5755705560001,60,52535251-E62B-4943-8F35-F2C055FAB033,,14,I-CPS,,,,,,CAHOKIA/ST LOUIS,IL,UNITED STATES,0,0,1,0,0,0
-82.542455833,27.9603897220001,61,AC389F74-1FB4-445E-AED6-0424CA4C29CE,,14,I-JRT,,,,,,TAMPA,FL,UNITED STATES,0,0,1,0,0,0
-117.031539444,46.3741858330001,62,429904D5-7012-4FD2-99D0-0F60FE8EAB31,,14,I-LWS,,,,,,LEWISTON,ID,UNITED STATES,0,0,1,0,0,0
-82.541251667,27.995774167,63,AAA4D3F1-2C87-4FF3-A6BB-4CC4F5214421,,14,I-AMP,,,,,,TAMPA,FL,UNITED STATES,0,0,1,0,0,0
-122.226353333,37.7318188890001,64,697E13DE-B6CB-482A-B9BC-AF10B8798A81,,14,I-OAK,,,,,,OAKLAND,CA,UNITED STATES,0,0,0,0,1,0
-72.651428889,41.7327344440001,65,AE678D2A-D56C-45E6-9B25-882B6964A9E1,,13,I-HFD,,,,,,HARTFORD,CT,UNITED STATES,0,0,1,0,0,0
-92.134561667,37.734025,66,B8BBD451-BC37-41D6-BEEE-7A98411633EA,,14,I-TBN,,,,,,FORT LEONARD WOOD,MO,UNITED STATES,0,0,1,0,0,0
-80.303825278,25.800600278,67,2ED7257E-CBB8-4AB8-A68E-021A8C58C489,,14,I-VIN,,,,,,MIAMI,FL,UNITED STATES,0,0,0,0,1,0
-89.248489722,37.7678897220001,68,C22F534C-5690-4EB8-8871-212042854F02,,14,I-MDH,,,,,,CARBONDALE/MURPHYSBORO,IL,UNITED STATES,0,0,1,0,0,0
-156.047220556,19.720895,69,7960A608-A2E5-44CC-B0A3-0ADE039D41D2,,14,I-KOA,,,,,,KAILUA-KONA,HI,UNITED STATES,0,0,0,0,0,1
-93.5658225,41.700533056,70,622C60A2-D66C-450A-B903-41E3D39CC6AF,,14,I-FVH,,,,,,ANKENY,IA,UNITED STATES,0,0,1,0,0,0
-79.9158477779999,39.6337661110001,71,A63E6D2B-472B-4726-A6B3-BEEFCBF355F9,,14,I-MGW,,,,,,MORGANTOWN,WV,UNITED STATES,0,0,1,0,0,0
-122.537468333,48.780741667,72,0AE25CDD-D6D4-4215-8633-66DA5EDFDE17,,14,I-BLI,,,,,,BELLINGHAM,WA,UNITED STATES,1,0,1,0,0,0
-120.443278056,34.890660278,73,038A1C9A-C5ED-4362-9EC8-82DF8D9B8DE9,,14,I-SMX,,,,,,SANTA MARIA,CA,UNITED STATES,0,0,1,0,0,0
-84.3597547219999,30.391284722,74,F743AB99-9DE8-43A6-B26A-AF6AAFE97BDA,,14,I-PLQ,,,,,,TALLAHASSEE,FL,UNITED STATES,0,0,1,0,0,0
-98.230567222,26.165628611,75,946F4364-46BD-48E2-B131-67875CEF70B4,,14,I-MFE,,,,,,MC ALLEN,TX,UNITED STATES,0,0,1,0,0,0
-119.769306944,39.480426111,76,378DE0C8-B1E7-4D4F-8B68-970DF04A1693,,14,I-RNO,,,,,,RENO,NV,UNITED STATES,0,0,1,0,0,0
-117.174510278,32.729889444,77,5A78DEDE-8B7D-40E7-8C47-D7C81CB3541A,,14,I-SAN,,,,,,SAN DIEGO,CA,UNITED STATES,0,0,1,0,0,0
-74.157178889,40.7044238890001,78,B157E8FA-8D2C-4061-BA6F-C7C54498B99F,,14,I-EZA,,,,,,NEWARK,NJ,UNITED STATES,0,0,1,0,0,0
-112.350554167,40.601545,79,70D4F312-F5EA-45A6-A3AD-D1F0318B4A9B,,14,I-TVY,,,,,,TOOELE,UT,UNITED STATES,0,0,1,0,0,0
-91.3482783329999,29.7063436110001,80,5DF13BE9-1995-4919-97C8-024BD4D2392F,,14,I-PTN,,,,,,PATTERSON,LA,UNITED STATES,0,0,1,0,0,0
-81.897856111,39.9367488890001,81,8E9CCBEA-71E0-40F1-869B-1541A83D5E71,,14,I-TNF,,,,,,ZANESVILLE,OH,UNITED STATES,0,0,1,0,0,0
-83.1250094439999,32.227681944,82,F064E610-0290-4C0A-8E78-DC72A4B8F79C,,14,I-HUV,,,,,,EASTMAN,GA,UNITED STATES,0,0,1,0,0,0
-106.935803889,39.6388052780001,83,57B59670-F8E0-4346-970A-93448A618D27,,14,I-ESJ,,,,,,EAGLE,CO,UNITED STATES,0,0,1,0,0,0
-80.647555556,32.913797222,84,095CF5D5-5C10-4F63-A267-F497E843E18A,,14,I-RBW,,,,,,WALTERBORO,SC,UNITED STATES,0,0,1,0,0,0
-81.666949167,30.506313333,85,CAD8433C-BBF6-4354-ADF3-76B9F5370AC9,,14,I-JAX,,,,,,JACKSONVILLE,FL,UNITED STATES,0,0,1,0,1,0
-76.187391667,36.907515,86,702AE5AD-2D66-489A-BD2C-8663AEE357DD,,14,I-ORF,,,,,,NORFOLK,VA,UNITED STATES,0,0,1,0,0,0
-86.747203333,33.5509233330001,87,5D19A36A-C999-41EC-AEFC-942D8951BFEB,,13,I-BXO,,,,,,BIRMINGHAM,AL,UNITED STATES,0,0,1,0,0,0
-84.414988611,33.6202830560001,88,02EBF307-60C4-4927-A7EF-8360A1FEDDF1,,14,I-OMO,,,,,,ATLANTA,GA,UNITED STATES,0,0,0,0,1,0
-72.719395833,42.1429219440001,89,FEB3CD56-BE32-4DD8-B1A2-03246EB09A4F,,14,I-BAF,,,,,,WESTFIELD/SPRINGFIELD,MA,UNITED STATES,0,0,1,0,0,0
-122.603463889,45.597861111,90,9DD4BB1E-A638-4B51-9761-165A9E4CD9B5,,14,I-IAP,,,,,,PORTLAND,OR,UNITED STATES,0,0,1,0,0,0
-118.372478056,34.197955,91,56A2AD73-369D-41BA-9293-9281EB3E730D,,14,I-BUR,,,,,,BURBANK,CA,UNITED STATES,0,0,1,0,1,0
-86.240085278,43.1770455560001,92,F3F72B79-8C2C-42B6-ABE9-1F5716CBB26F,,14,I-MKG,,,,,,MUSKEGON,MI,UNITED STATES,0,0,1,0,0,0
-84.597623056,38.0432844440001,93,8CBF14C3-B2E4-4FFA-B24D-9B5007E48529,,14,I-LEX,,,,,,LEXINGTON,KY,UNITED STATES,0,0,1,0,0,0
-84.068351389,37.0924886110001,94,CA2CE0CB-DE24-4081-8F4A-A52232BC4182,,14,I-LOZ,,,,,,LONDON,KY,UNITED STATES,0,0,1,0,0,0
-86.0225019439999,41.720896667,95,4F500254-6604-4820-8A75-109C89BF2470,,14,I-OUP,,,,,,ELKHART,IN,UNITED STATES,0,0,1,0,0,0
-80.211998056,26.8436083330001,96,18C281C5-1B34-4E0B-97CB-7FAD0B61C3E1,,14,I-GHO,,,,,,WEST PALM BEACH,FL,UNITED STATES,0,0,1,0,0,0
-80.7969441669999,28.5272094440001,97,939433E3-92F7-43A4-91FA-4D673EC1E9ED,,14,I-TIX,,,,,,TITUSVILLE,FL,UNITED STATES,0,0,1,0,0,0
-80.160550278,26.1995700000001,98,87495300-A4EB-4259-95D0-69AA9B57AA6D,,14,I-FXE,,,,,,FORT LAUDERDALE,FL,UNITED STATES,0,0,0,0,1,0
-92.310166667,31.3945000000001,99,B5CBF063-5EE8-49E0-8D6E-0599CF8E0CDD,,14,I-ESF,,,,,,ALEXANDRIA,LA,UNITED STATES,0,0,1,0,0,0
-119.309110556,46.299001667,100,D417A2E7-5F55-4ED9-BB30-8C816E860825,,13,I-RLD,,,,,,RICHLAND,WA,UNITED STATES,0,0,1,0,0,0
-90.982088333,33.472047778,101,EA0D50A2-E49C-4E21-A0FE-A53171DD468D,,14,I-GLH,,,,,,GREENVILLE,MS,UNITED STATES,0,0,1,0,0,0
-77.386073611,35.6241925,102,7F6C4AFE-327C-4148-A4DA-087F593CA9B1,,14,I-PGV,,,,,,GREENVILLE,NC,UNITED STATES,0,0,1,0,0,0
-134.636220556,58.358898611,103,0B6C0C6E-7FFA-4B36-AFF9-2CE7B5CFC947,,13,I-JDL,,,,,,JUNEAU,AK,UNITED STATES,1,0,0,0,0,0
-107.892618056,38.49956,104,7B1BED88-7DED-41A4-B8A9-07BC4EF1A5C1,,14,I-MTJ,,,,,,MONTROSE,CO,UNITED STATES,0,0,1,0,0,0
-117.619526389,34.0549558330001,105,C3DF5F3A-6BED-4E4C-BE81-6F94B9D7BABB,,14,I-TWO,,,,,,ONTARIO,CA,UNITED STATES,0,0,0,0,1,0
-97.4045027779999,31.1389500000001,106,A79EC72A-623C-4BFE-BA49-ADF348EE93F5,,14,I-TPL,,,,,,TEMPLE,TX,UNITED STATES,0,0,1,0,0,0
-88.525976944,30.4514425,107,04210DA3-2975-44B4-92C5-185E673AF0BB,,14,I-PQL,,,,,,PASCAGOULA,MS,UNITED STATES,0,0,1,0,0,0
-117.624079167,34.056876667,108,2649F047-7A9D-43E6-874A-787F4B1AD04B,,14,I-ONT,,,,,,ONTARIO,CA,UNITED STATES,0,0,0,0,1,0
-119.829905833,34.428011944,109,7AA5CA20-17F9-4EE8-B1B8-908C3B3F6BCC,,14,I-SBA,,,,,,SANTA BARBARA,CA,UNITED STATES,0,0,1,0,0,0
-89.030577778,42.627855556,110,DC0679FF-E592-4CAD-B271-5FFBFA0EEC5F,,14,I-JVL,,,,,,JANESVILLE,WI,UNITED STATES,0,0,1,0,0,0
-106.605286111,35.043222778,111,2EA169AB-81D1-4B67-8FF4-F340C6879B07,,14,I-BZY,,,,,,ALBUQUERQUE,NM,UNITED STATES,0,0,1,0,0,0
-106.403583611,31.7988675,112,8D2BDF8F-CA51-433A-98B6-6514F4F12339,,14,I-ELP,,,,,,EL PASO,TX,UNITED STATES,0,0,1,0,0,0
-89.057981389,42.630075278,113,1AE4736E-73F7-4030-93AB-ED5490A1BDCC,,14,I-REE,,,,,,JANESVILLE,WI,UNITED STATES,0,0,1,0,0,0
-94.1372499999999,46.4201475,114,E8D2892C-536A-4C52-85D6-3FD426E05F2A,,14,I-LER,,,,,,BRAINERD,MN,UNITED STATES,0,0,1,0,0,0
-75.957633889,40.3740655560001,115,638A98C1-A918-4EEA-B2B6-704C464B99A5,,14,I-VXO,,,,,,READING,PA,UNITED STATES,0,0,1,0,0,0
-81.451869444,31.264725556,116,76FCDED1-0FD1-450B-9D0D-5BFF8D83F61A,,14,I-BQK,,,,,,BRUNSWICK,GA,UNITED STATES,0,0,1,0,0,0
-86.7744827779999,33.553101111,117,127BFD36-EA60-4FDB-8027-F0710E425BFA,,14,I-ROE,,,,,,BIRMINGHAM,AL,UNITED STATES,0,0,1,0,0,0
-90.466990278,31.1691847220001,118,F6339327-0761-40AF-8E86-A3BE0972D31F,,14,I-MCB,,,,,,MC COMB,MS,UNITED STATES,0,0,1,0,0,0
-120.631068333,35.231677222,119,E5024CAC-569C-4EF8-A4A8-E2CD8925985C,,14,I-SBP,,,,,,SAN LUIS OBISPO,CA,UNITED STATES,0,0,1,0,0,0
-74.215026667,44.378406667,120,B11A3EBA-AE85-4E62-AA37-FD74CC4C24D1,,14,I-SLK,,,,,,SARANAC LAKE,NY,UNITED STATES,0,0,1,0,0,0
-80.968980556,35.766466667,121,52A47739-9CAE-4456-BC95-C33710A1D413,,14,I-SVH,,,,,,STATESVILLE,NC,UNITED STATES,0,0,1,0,0,0
-87.511313333,38.055471944,122,5E11D7D2-1185-4205-9001-7B75EEC24FEA,,14,I-DSO,,,,,,EVANSVILLE,IN,UNITED STATES,0,0,1,0,0,0
-86.557747222,34.847475,123,EDE719B6-D475-40FF-9378-F0F3503EA747,,14,I-MDQ,,,,,,HUNTSVILLE,AL,UNITED STATES,0,0,1,0,0,0
-117.986089444,33.870811389,124,C0958671-E570-4893-92C8-AECBC3D016A8,,13,I-FUL,,,,,,FULLERTON,CA,UNITED STATES,0,0,1,0,1,0
-84.620485833,38.0228827780001,125,D261629B-C8F9-49E4-AB61-1D49198BDA04,,14,I-GNJ,,,,,,LEXINGTON,KY,UNITED STATES,0,0,1,0,0,0
-77.3255236109999,37.5190658330001,126,BA1948F1-698B-4C16-87D7-D4D1C3C22A2D,,14,I-BNE,,,,,,RICHMOND,VA,UNITED STATES,0,0,1,0,0,0
-76.131014722,43.1080355560001,127,96F1C0E6-3268-49F6-B3F6-B51F885F3969,,14,I-SYR,,,,,,SYRACUSE,NY,UNITED STATES,0,0,1,0,0,0
-86.2914361109999,39.7362080560001,128,E694603A-D2BD-40BF-9737-DAF2EEBC414A,,14,I-COA,,,,,,INDIANAPOLIS,IN,UNITED STATES,0,0,1,0,0,0
-76.4075444439999,39.322108611,129,114B53C4-9875-4319-8ECC-946F771AD544,,13,I-BQG,,,,,,BALTIMORE,MD,UNITED STATES,0,0,1,0,1,0
-70.329886389,43.646115278,130,B344C5AB-DBB7-4304-86FD-95CFCC3BD0A9,,14,I-GCS,,,,,,PORTLAND,ME,UNITED STATES,0,0,1,0,0,0
-71.5026236109999,42.776987778,131,1E9D1A88-0C99-4585-B5AE-17160B6E155B,,14,I-ASH,,,,,,NASHUA,NH,UNITED STATES,0,0,1,0,0,0
-70.621218056,41.3850005560001,132,C757F0CD-6B15-4551-9D56-357551309A2C,,14,I-MVY,,,,,,VINEYARD HAVEN,MA,UNITED STATES,0,0,1,0,0,0
-124.113921111,40.986451667,133,AAD60799-5985-4ECB-A5B5-7E27015DBF59,,14,I-ACV,,,,,,ARCATA/EUREKA,CA,UNITED STATES,0,0,1,0,0,0
-104.540918889,33.2827325000001,134,AB83FC63-7BDF-4983-A36C-7F7ABE495285,,14,I-ROW,,,,,,ROSWELL,NM,UNITED STATES,0,0,1,0,0,0
-75.9874219439999,42.2199488890001,135,41B07E2A-83A8-4A13-AA20-1AEF9FBB28DB,,14,I-BGM,,,,,,BINGHAMTON,NY,UNITED STATES,0,0,1,0,0,0
-118.488933056,34.1945380560001,136,7C05E883-C136-4943-9D77-A0E54643826C,,14,I-VNY,,,,,,VAN NUYS,CA,UNITED STATES,0,0,0,0,1,0
-81.351456667,29.9686402780001,137,0D987429-D4F5-44D5-8D02-A47055EA1BAB,,14,I-GUH,,,,,,ST AUGUSTINE,FL,UNITED STATES,0,0,1,0,0,0
-72.699341111,41.9299066670001,138,7C382C4C-EE3B-46E6-BDA1-6AE2376051BD,,14,I-MYQ,,,,,,WINDSOR LOCKS,CT,UNITED STATES,0,0,1,0,0,0
-71.863897778,42.2659883330001,139,4729339F-FF25-4617-A367-1EF90D54E8E5,,14,I-RSR,,,,,,WORCESTER,MA,UNITED STATES,0,0,1,0,0,0
-81.971473611,33.384940278,140,44B8850D-F8F5-490A-A00A-AC874220C41A,,14,I-AGS,,,,,,AUGUSTA,GA,UNITED STATES,0,0,1,0,0,0
-75.427050833,43.2479647220001,141,1204BA92-0D38-42B4-8298-719DE1CF0B8D,,14,I-RME,,,,,,ROME,NY,UNITED STATES,0,0,1,0,0,0
-79.946222222,36.0898333330001,142,BCA579F9-156D-42C7-8832-4ACDE362E799,,14,I-HIH,,,,,,GREENSBORO,NC,UNITED STATES,0,0,1,0,0,0
-87.323155,33.902236111,143,7C641662-4364-4127-8E81-543A36D69C70,,14,I-JFX,,,,,,JASPER,AL,UNITED STATES,0,0,1,0,0,0
-84.998513889,32.3454055560001,144,488E5737-C380-44C9-8521-E7B959688C83,,14,I-LSF,,,,,,FORT BENNING (COLUMBUS),GA,UNITED STATES,0,0,1,0,0,0
-111.999300278,41.2043747220001,145,4DB561B7-5E2F-49EA-851D-CE95ED324F08,,14,I-OGD,,,,,,OGDEN,UT,UNITED STATES,0,0,1,0,0,0
-90.382138889,38.7553722220001,146,D07C50B1-9875-4322-9BED-751F8E0674E8,,14,I-BKY,,,,,,ST LOUIS,MO,UNITED STATES,0,0,0,0,1,0
-156.423651667,20.906159722,147,EDEE6FCA-9F14-4E5F-BA52-12FF93B47A01,,14,I-OGG,,,,,,KAHULUI,HI,UNITED STATES,0,0,0,0,0,1
-122.294849722,40.5230666670001,148,E4D1667B-1DD3-40F5-AB84-766CD842B711,,14,I-RDD,,,,,,REDDING,CA,UNITED STATES,0,0,1,0,0,0
-89.768286389,43.5319183330001,149,7ED11613-D0A5-4F87-A49E-176D6C2861E1,,13,I-DLL,,,,,,BARABOO,WI,UNITED STATES,0,0,1,0,0,0
-110.7430025,43.5965627780001,150,72C0A318-34BD-4D8C-B062-DA5755C21235,,14,I-JAC,,,,,,JACKSON,WY,UNITED STATES,0,0,1,0,0,0
-84.6465277779999,30.972801944,151,3A9D452F-46E8-4432-AB9E-07B34530B2BA,,14,I-BGE,,,,,,BAINBRIDGE,GA,UNITED STATES,0,0,1,0,0,0
-77.532936944,37.414446389,152,E53427B0-7A22-4EE5-8749-573302AFC2EB,,14,I-CFU,,,,,,RICHMOND,VA,UNITED STATES,0,0,1,0,0,0
-105.858274167,37.4474969440001,153,7CD3F1BA-9305-4862-8916-2B2AA46375BB,,14,I-VQR,,,,,,ALAMOSA,CO,UNITED STATES,0,0,1,0,0,0
-79.978416667,37.3220563890001,154,FAF79936-616C-4289-A7D2-D7E516908309,,13,I-SZK,,,,,,ROANOKE,VA,UNITED STATES,0,0,1,0,0,0
-121.347441944,38.897555278,155,D67BF0CF-AFBB-4E03-A537-C19977AFD9BA,,14,I-LHM,,,,,,LINCOLN,CA,UNITED STATES,0,0,1,0,0,0
-122.382238333,37.6045213890001,156,6F6183AE-1517-45CD-A6A1-6381BAAFBE61,,14,I-SIA,,,,,,SAN FRANCISCO,CA,UNITED STATES,0,0,1,0,1,0
-84.441712778,33.6467925000001,157,BADE1F3D-3F0D-47DB-8F78-181C5A9E71C1,,14,I-BRU,,,,,,ATLANTA,GA,UNITED STATES,0,0,0,0,1,0
-121.942526944,37.3742180560001,158,AE3E6FE4-4221-4A29-B8B8-5204F04CF983,,14,I-SJC,,,,,,SAN JOSE,CA,UNITED STATES,0,0,1,0,0,0
-84.4417194439999,33.6495333330001,159,FF27E23C-C9BA-43CD-BC72-408FDF1B3327,,14,I-GXZ,,,,,,ATLANTA,GA,UNITED STATES,0,0,0,0,1,0
-94.004599444,33.443528889,160,A6E0A422-81F8-4DE6-A438-4AC452013D94,,14,I-TXK,,,,,,TEXARKANA,AR,UNITED STATES,0,0,1,0,0,0
-94.047241389,45.537858333,161,09E42D10-8285-4D44-B734-BE4EF24FA02D,,14,I-BPM,,,,,,ST CLOUD,MN,UNITED STATES,0,0,1,0,0,0
-97.472952778,35.234463889,162,C0B73E84-FE28-49A3-ACFF-B07FA6F1861F,,14,I-BWM,,,,,,NORMAN,OK,UNITED STATES,0,0,1,0,0,0
-94.111428056,36.3620247220001,163,61E54D57-AE7E-4B3F-80D7-09EF06D73D6C,,14,I-ROG,,,,,,ROGERS,AR,UNITED STATES,0,0,1,0,0,0
-87.885343889,42.9469705560001,164,5CD6799C-B06E-4E94-9549-7B3A6E385837,,14,I-GMF,,,,,,MILWAUKEE,WI,UNITED STATES,0,0,1,0,1,0
-93.209927778,36.542902778,165,FAF1D8E3-4673-429D-8576-E047039B6157,,14,I-BBG,,,,,,BRANSON,MO,UNITED STATES,0,0,1,0,0,0
-86.043558333,33.5785111110001,166,1AF09A6E-1869-45E3-9985-468F3AD3BD53,,14,I-ASN,,,,,,TALLADEGA,AL,UNITED STATES,0,0,1,0,0,0
-122.866054444,42.361158333,167,C0F9D4C4-3165-4E7F-BA96-6CEDEFF014BF,,14,I-MFR,,,,,,MEDFORD,OR,UNITED STATES,0,0,1,0,0,0
-103.607548611,41.884265833,168,5CA7097E-EE10-4EAD-95C1-7786D5706E46,,14,I-BFF,,,,,,SCOTTSBLUFF,NE,UNITED STATES,0,0,1,0,0,0
-97.0261883329999,32.875875278,169,DD068ECD-7863-4821-8BDE-2AFA95DD5BB9,,14,I-FLQ,,,,,,DALLAS-FORT WORTH,TX,UNITED STATES,0,0,0,0,1,0
-85.501508611,42.8812075000001,170,47EDA1CD-6C0C-43BB-AC16-969B797C8075,,14,I-CYZ,,,,,,GRAND RAPIDS,MI,UNITED STATES,0,0,1,0,0,0
-90.0581880559999,38.8963255560001,171,5BA8D834-5DE5-45AD-8BB7-3878E61F33E4,,14,I-ALN,,,,,,ALTON/ST LOUIS,IL,UNITED STATES,0,0,1,0,1,0
-88.868223889,38.316844444,172,198FBBE2-A0A7-45B3-BC63-E441FABDBB37,,14,I-MVN,,,,,,MOUNT VERNON,IL,UNITED STATES,0,0,1,0,0,0
-106.862646944,39.2101700000001,173,A63C1228-11EB-409A-904C-076F60E58C35,,13,I-ASE,,,,,,ASPEN,CO,UNITED STATES,0,0,1,0,0,0
-89.0598536109999,30.395546944,174,CAE5C244-5B05-43DC-B8F8-1DA1956724A0,,14,I-GPT,,,,,,GULFPORT,MS,UNITED STATES,0,0,1,0,0,0
-111.136845833,45.766791389,175,0A6E02FE-E498-4C72-A6D4-CC7154C4945F,,14,I-BZN,,,,,,BOZEMAN,MT,UNITED STATES,0,0,1,0,0,0
-90.400356389,32.298763611,176,4320BFCC-DA04-4799-8F9D-09F87D1BAEA8,,14,I-JVW,,,,,,RAYMOND,MS,UNITED STATES,0,0,1,0,0,0
-91.995001944,30.1945250000001,177,988ED31A-47A1-449D-B0F3-E6F8A722AAF2,,14,I-LFT,,,,,,LAFAYETTE,LA,UNITED STATES,0,0,1,0,0,0
-78.717591667,42.9495661110001,178,967C38DD-02FD-4F5C-B00E-63302B9B9348,,14,I-GBI,,,,,,BUFFALO,NY,UNITED STATES,0,0,1,0,0,0
-84.2490636109999,39.8934858330001,179,65494FF8-40F6-4546-ACEB-FAB2C41D06D7,,14,I-VUQ,,,,,,DAYTON,OH,UNITED STATES,0,0,1,0,0,0
-108.513205,39.1178725,180,8FFBD91C-C382-4D89-B3E8-5FCF9FFB3F25,,14,I-GJT,,,,,,GRAND JUNCTION,CO,UNITED STATES,0,0,1,0,0,0
-72.558481667,44.1942022220001,181,7206F49F-F9BA-4C38-8515-0750FAE33C99,,14,I-MPV,,,,,,BARRE/MONTPELIER,VT,UNITED STATES,0,0,1,0,0,0
-103.580853056,41.8638947220001,182,953FA2AE-0313-4D17-A08B-8C7213B89AD9,,14,I-RMT,,,,,,SCOTTSBLUFF,NE,UNITED STATES,0,0,1,0,0,0
-71.0164030559999,42.3551322220001,183,42BD5DCB-3E46-4FDF-BD41-9E50FCA1E245,,14,I-DGU,,,,,,BOSTON,MA,UNITED STATES,0,0,1,0,0,0
-85.846923056,33.596465278,184,3A6297EA-6208-413E-996D-BB089EBF7ACA,,14,I-ANB,,,,,,ANNISTON,AL,UNITED STATES,0,0,1,0,0,0
-87.184236389,30.4588372220001,185,EE273029-139C-433A-A868-668739527A49,,14,I-PNS,,,,,,PENSACOLA,FL,UNITED STATES,0,0,1,0,0,0
-71.404728056,41.5895591670001,186,6093B4FB-AAA7-4845-990B-C079C0AE397E,,14,I-OQU,,,,,,NORTH KINGSTOWN,RI,UNITED STATES,0,0,1,0,0,0
-108.240731111,36.7410719440001,187,4717E7B2-9FD7-4213-97FF-3A230CD7C96B,,14,I-FMN,,,,,,FARMINGTON,NM,UNITED STATES,0,0,1,0,0,0
-83.7674638889999,32.521564444,188,266B6CD5-360F-4CF3-A8E6-5C31964561E8,,14,I-PXE,,,,,,PERRY,GA,UNITED STATES,0,0,1,0,0,0
-80.0288597219999,36.6352988890001,189,BD0E36AF-3061-4162-B01B-F4159129B2DB,,13,I-UVM,,,,,,MARTINSVILLE,VA,UNITED STATES,0,0,1,0,0,0
-111.350383333,47.492005556,190,0A6A953D-6085-45F4-93FE-4A0316148D4A,,14,I-SMR,,,,,,GREAT FALLS,MT,UNITED STATES,0,0,1,0,0,0
-89.987498333,35.0523858330001,191,26426815-692B-41F7-A61D-83E198282F5D,,14,I-OHN,,,,,,MEMPHIS,TN,UNITED STATES,0,0,1,0,0,0
-122.907497222,46.9588666670001,192,E7D715B0-80B6-4F45-B219-4122EE4FBDC7,,14,I-OLM,,,,,,OLYMPIA,WA,UNITED STATES,0,0,1,0,0,0
-85.74918,38.1882008330001,193,22B5C2F0-C8CD-489E-977B-A3A5CA09B8A4,,14,I-RLI,,,,,,LOUISVILLE,KY,UNITED STATES,0,0,1,0,0,0
-80.1321019439999,26.065730833,194,70E43625-F011-493D-A048-522BB283760A,,14,I-FLL,,,,,,FORT LAUDERDALE,FL,UNITED STATES,0,0,0,0,1,0
-80.136985556,26.0767805560001,195,541146D4-AC94-4D3C-913D-8B08421692F7,,14,I-LHI,,,,,,FORT LAUDERDALE,FL,UNITED STATES,0,0,0,0,1,0
-79.843083889,37.947046389,196,89933AF5-0D27-446D-A049-4524A1B471C0,,14,I-HSP,,,,,,HOT SPRINGS,VA,UNITED STATES,0,0,1,0,0,0
-90.0581880559999,38.8963255560001,197,5BA8D834-5DE5-45AD-8BB7-3878E61F33E4,,14,I-ALN,,,,,,ALTON/ST LOUIS,IL,UNITED STATES,0,0,1,0,0,0
-92.514962778,43.9220030560001,198,699DD44C-B818-406A-AEF7-EC9E8D17124F,,14,I-RST,,,,,,ROCHESTER,MN,UNITED STATES,0,0,1,0,0,0
-87.532858889,38.033740278,199,AC8176BA-9E64-44CC-B4CE-32D919D16475,,14,I-EVV,,,,,,EVANSVILLE,IN,UNITED STATES,0,0,1,0,0,0
-119.220435556,34.2009061110001,200,27A41396-B2FA-4DC1-8604-704649855E43,,14,I-OXR,,,,,,OXNARD,CA,UNITED STATES,0,0,1,0,1,0
-75.259146389,39.867985833,201,40E67BF3-5A30-484E-880D-82DE87F2B9AE,,14,I-PDP,,,,,,PHILADELPHIA,PA,UNITED STATES,0,0,1,0,1,0
-88.292945,39.48233,202,7F890D92-0BBF-4A8E-B813-9AD7B407520B,,14,I-MTO,,,,,,MATTOON/CHARLESTON,IL,UNITED STATES,0,0,1,0,0,0
-114.511725833,42.4814033330001,203,AB704068-329A-49E4-9887-617DB6464157,,14,I-TWF,,,,,,TWIN FALLS,ID,UNITED STATES,0,0,1,0,0,0
-118.372478056,34.197955,204,56A2AD73-369D-41BA-9293-9281EB3E730D,,14,I-BUR,,,,,,BURBANK,CA,UNITED STATES,0,0,0,0,1,0
-75.225508056,39.8784397220001,205,BCAA72BF-5E06-4F00-BF20-139D0F11E0E0,,14,I-LLH,,,,,,PHILADELPHIA,PA,UNITED STATES,0,0,1,0,1,0
-119.7692125,39.5166619440001,206,F2230D55-59E1-4086-9B77-39D9F6C52942,,14,I-AGY,,,,,,RENO,NV,UNITED STATES,0,0,1,0,0,0
-163.301465556,62.053536111,207,247CF206-FAD5-42D5-8E7F-13D2AFF54BDF,,13,I-SMA,,,,,,ST MARY'S,AK,UNITED STATES,1,0,0,0,0,0
-106.821155556,39.153937222,208,6495CC9D-2192-4C75-A7D6-1BDFBAF45F16,,13,I-PKN,,,,,,ASPEN,CO,UNITED STATES,0,0,1,0,0,0
-83.643663611,32.6989602780001,209,1F548757-C83D-458C-82E6-5EA3BDBD9172,,14,I-MCN,,,,,,MACON,GA,UNITED STATES,0,0,1,0,0,0
-119.071985556,35.446929444,210,DCBED61D-DE41-41F0-8721-B3209EBCFB75,,14,I-BFL,,,,,,BAKERSFIELD,CA,UNITED STATES,0,0,1,0,0,0
-87.323155,33.902236111,211,7C641662-4364-4127-8E81-543A36D69C70,,14,I-JFX,,,,,,JASPER,AL,UNITED STATES,0,0,1,0,0,0
-91.439691667,40.4594083330001,212,D08F427D-CF96-4A86-BAB9-074BE5939D87,,14,I-BBJ,,,,,,KEOKUK,IA,UNITED STATES,0,0,1,0,0,0
-78.001095833,39.3974250000001,213,0A389BF8-0BAC-4C18-B83E-C281FE5E2B9A,,14,I-EXW,,,,,,MARTINSBURG,WV,UNITED STATES,0,0,1,0,1,0
-134.636220556,58.358898611,214,0B6C0C6E-7FFA-4B36-AFF9-2CE7B5CFC947,,13,I-JDL,,,,,,JUNEAU,AK,UNITED STATES,1,0,0,0,0,0
-117.431072222,33.94985,215,637874E3-9618-423C-9673-8F78521D2545,,14,I-RAL,,,,,,RIVERSIDE,CA,UNITED STATES,0,0,1,0,1,0
-119.769306944,39.480426111,216,378DE0C8-B1E7-4D4F-8B68-970DF04A1693,,14,I-RNO,,,,,,RENO,NV,UNITED STATES,0,0,1,0,0,0
-90.248848333,29.9887002780001,217,3A43D6A9-BD6A-4147-8CAD-FC5FDCA75B92,,14,I-MSY,,,,,,NEW ORLEANS,LA,UNITED STATES,0,0,1,0,0,0
-119.732943889,36.7856338890001,218,CCB5DE99-8A10-4492-993C-DE6F85513FF1,,14,I-FAT,,,,,,FRESNO,CA,UNITED STATES,0,0,1,0,0,0
-122.579394167,45.5787575000001,219,9855BF00-A794-4DA8-B819-AC00B28E018D,,14,I-PDX,,,,,,PORTLAND,OR,UNITED STATES,0,0,1,0,0,0
-70.2951813889999,43.6437752780001,220,D6DCACF3-B82A-4C40-9F80-64B674ADADAD,,14,I-PWM,,,,,,PORTLAND,ME,UNITED STATES,0,0,1,0,0,0
-93.8169583329999,32.4338805560001,221,7FD19930-0E35-44B4-BD86-3AE05DF5D186,,14,I-SHV,,,,,,SHREVEPORT,LA,UNITED STATES,0,0,1,0,0,0
-108.513205,39.1178725,222,8FFBD91C-C382-4D89-B3E8-5FCF9FFB3F25,,14,I-GJT,,,,,,GRAND JUNCTION,CO,UNITED STATES,0,0,1,0,0,0
-124.113921111,40.986451667,223,AAD60799-5985-4ECB-A5B5-7E27015DBF59,,14,I-ACV,,,,,,ARCATA/EUREKA,CA,UNITED STATES,0,0,1,0,0,0
-118.422445833,33.9332927780001,224,37D8D99B-9FE4-4682-9141-21B8B790C39F,,14,I-LAX,,,,,,LOS ANGELES,CA,UNITED STATES,0,0,0,0,1,0
-110.371224167,31.587555556,225,6E09B130-8D8E-4223-A159-755F7D353EF2,,14,I-FHU,,,,,,FORT HUACHUCA SIERRA VISTA,AZ,UNITED STATES,0,0,1,0,0,0
-134.636220556,58.358898611,226,0B6C0C6E-7FFA-4B36-AFF9-2CE7B5CFC947,,13,I-JDL,,,,,,JUNEAU,AK,UNITED STATES,1,0,0,0,0,0
-157.907858889,21.326406944,227,27F3DA8B-AF63-456D-8840-E96E94B7DE93,,13,I-EPC,,,,,,HONOLULU,HI,UNITED STATES,0,0,0,0,0,1
-115.1561075,36.100236389,228,69F715EC-20F1-4FD0-8E5A-C16475C7C82B,,14,I-CUA,,,,,,LAS VEGAS,NV,UNITED STATES,0,0,1,0,0,0
-149.965416667,61.167887222,229,901BB89A-74D3-4411-85B1-3739CD66C788,,14,I-ANC,,,,,,ANCHORAGE,AK,UNITED STATES,1,0,0,0,0,0
-105.550128333,33.458509722,230,15BCEC6F-2B3A-4BC1-A77A-646745E7EF62,,14,I-SRR,,,,,,RUIDOSO,NM,UNITED STATES,0,0,1,0,0,0
-115.171994444,36.0763641670001,231,ACE42D65-FC9D-46CC-8C11-4AEF669A7D4F,,14,I-LAS,,,,,,LAS VEGAS,NV,UNITED STATES,0,0,1,0,0,0
-132.362536944,56.4841077780001,232,5404FC90-8D8E-4804-A439-F26AABC61E61,,13,I-RGL,,,,,,WRANGELL,AK,UNITED STATES,1,0,0,0,0,0
-108.513205,39.1178725,233,8FFBD91C-C382-4D89-B3E8-5FCF9FFB3F25,,14,I-GJT,,,,,,GRAND JUNCTION,CO,UNITED STATES,0,0,1,0,0,0
-134.636220556,58.358898611,234,0B6C0C6E-7FFA-4B36-AFF9-2CE7B5CFC947,,13,I-JDL,,,,,,JUNEAU,AK,UNITED STATES,1,0,0,0,0,0
-145.499736944,60.4973736110001,235,E63A0849-3E32-49FF-84B1-D02D66495104,,14,I-CDV,,,,,,CORDOVA,AK,UNITED STATES,1,0,0,0,0,0
-116.983488889,32.8298636110001,236,57DBF05A-EE5A-4CB7-A17E-E07F29297CA0,,13,I-SEE,,,,,,SAN DIEGO/EL CAJON,CA,UNITED STATES,0,0,1,0,0,0
-89.524108333,34.384177778,237,F7A8B19E-8E3C-4B21-8679-8E51A3BBEBCB,,13,I-UVD,,,,,,OXFORD,MS,UNITED STATES,0,0,1,0,0,0
-78.450727778,38.1453277780001,238,A874D219-E563-463A-B7BF-4243B19056BC,,14,I-CHO,,,,,,CHARLOTTESVILLE,VA,UNITED STATES,0,0,1,0,0,0
-84.007934722,35.8023052780001,239,450D03EC-25BC-4E62-9A08-6B5AA30CF310,,14,I-BUI,,,,,,KNOXVILLE,TN,UNITED STATES,0,0,1,0,0,0
-84.006427778,35.7953055560001,240,1AED77F2-83A3-4E54-A0CF-917E6C0FA055,,14,I-OXH,,,,,,KNOXVILLE,TN,UNITED STATES,0,0,1,0,0,0
-96.803977778,44.2989000000001,241,073F5017-8A87-45BB-B0D7-76EEE0CF1F4C,,14,I-BKX,,,,,,BROOKINGS,SD,UNITED STATES,0,0,1,0,0,0
-89.45466,30.353225556,242,02CD0F32-EFB0-4E07-BEDA-0E06C447E3FA,,14,I-HSA,,,,,,BAY ST LOUIS,MS,UNITED STATES,0,0,1,0,0,0
-159.525679444,61.5765858330001,243,A27E0D73-686B-4382-9C22-C7435AA9D8A2,,14,I-ANI,,,,,,ANIAK,AK,UNITED STATES,1,0,0,0,0,0
-96.816437222,46.9053952780001,244,075A149A-E07A-4040-95D9-6C3AC098D7BF,,14,I-AAM,,,,,,FARGO,ND,UNITED STATES,0,0,1,0,0,0
-100.484533333,31.3637416670001,245,980E4103-38E0-4872-8ED9-FB0BA3B8F600,,14,I-SJT,,,,,,SAN ANGELO,TX,UNITED STATES,0,0,1,0,0,0
-157.904089167,21.3252441670001,246,38FA0A4A-F323-4280-9F7B-7E6658B41930,,14,I-HNL,,,,,,HONOLULU,HI,UNITED STATES,0,0,0,0,0,1
-80.158516667,35.407113333,247,FAE5C876-769E-4350-95DD-FB9477D2F394,,14,I-VUJ,,,,,,ALBEMARLE,NC,UNITED STATES,0,0,1,0,0,0
-117.91095,34.8915277780001,248,DEC10F75-AC5A-4EA5-84D5-3A622CB1294D,,14,I-EDW,,,,,,EDWARDS,CA,UNITED STATES,0,0,1,0,0,0
-86.043558333,33.5785111110001,249,1AF09A6E-1869-45E3-9985-468F3AD3BD53,,14,I-ASN,,,,,,TALLADEGA,AL,UNITED STATES,0,0,1,0,0,0
-78.776948611,35.881140556,250,2491A48C-4680-408A-9552-1FEBBA04683F,,14,I-RDU,,,,,,RALEIGH/DURHAM,NC,UNITED STATES,0,0,1,0,0,0
-78.7997574999999,35.8626697220001,251,DCEA41B5-115E-4050-A296-326A62A14E88,,14,I-LEI,,,,,,RALEIGH/DURHAM,NC,UNITED STATES,0,0,1,0,0,0
-94.313169444,36.2958055560001,252,1F2222F7-FEDE-4660-AC29-E4E0D5C33DBA,,14,I-FBS,,,,,,FAYETTEVILLE/SPRINGDALE/ROGERS,AR,UNITED STATES,0,0,1,0,0,0
-87.507172778,36.659513889,253,83B0BF00-A0CD-468C-B7A1-8B8CCB6CBD14,,14,I-FKP,,,,,,FORT CAMPBELL/HOPKINSVILLE,KY,UNITED STATES,0,0,1,0,0,0
-85.9073852779999,39.2532997220001,254,16E5231A-1AC4-4D5F-B876-16075D47CADC,,14,I-BAK,,,,,,COLUMBUS,IN,UNITED STATES,0,0,1,0,0,0
-84.225919167,39.8891255560001,255,F428D480-302D-4254-BA14-B1264B6662FB,,14,I-EGK,,,,,,DAYTON,OH,UNITED STATES,0,0,1,0,0,0
-83.643663611,32.6989602780001,256,1F548757-C83D-458C-82E6-5EA3BDBD9172,,14,I-MCN,,,,,,MACON,GA,UNITED STATES,0,0,1,0,0,0
-83.643663611,32.6989602780001,257,1F548757-C83D-458C-82E6-5EA3BDBD9172,,14,I-MCN,,,,,,MACON,GA,UNITED STATES,0,0,1,0,0,0
-115.171994444,36.0763641670001,258,ACE42D65-FC9D-46CC-8C11-4AEF669A7D4F,,14,I-LAS,,,,,,LAS VEGAS,NV,UNITED STATES,0,0,1,0,0,0
-119.700955,36.7673725000001,259,9AA1415A-9D4A-4ABE-B237-075F41BDB211,,13,I-RPW,,,,,,FRESNO,CA,UNITED STATES,0,0,1,0,0,0
-117.91095,34.8915277780001,260,DEC10F75-AC5A-4EA5-84D5-3A622CB1294D,,14,I-EDW,,,,,,EDWARDS,CA,UNITED STATES,0,0,1,0,0,0
-84.6057125,42.778239167,261,632612E1-2399-471A-AB6B-7884C6633706,,14,I-LAN,,,,,,LANSING,MI,UNITED STATES,0,0,1,0,0,0
-82.547908333,35.4491694440001,262,DA93E898-40F7-4989-9D67-D221C2B26255,,14,I-AVL,,,,,,ASHEVILLE,NC,UNITED STATES,0,0,1,0,0,0
-82.536186944,35.4230580560001,263,9C6E0009-A043-42F2-9800-3663C8811E5F,,14,I-IMO,,,,,,ASHEVILLE,NC,UNITED STATES,0,0,1,0,0,0
-97.198192222,33.191109167,264,5AA0A784-8953-4067-B8DA-6D26E4ECF20A,,14,I-DTO,,,,,,DENTON,TX,UNITED STATES,0,0,0,0,1,0
-82.911266111,40.0034072220001,265,825E5756-26B2-41D8-A623-67221871175C,,14,I-ONB,,,,,,COLUMBUS,OH,UNITED STATES,0,0,1,0,0,0
-82.875563056,40.0013883330001,266,C9BE2EB5-6C97-4D7D-9B25-334306790CEF,,14,I-CBP,,,,,,COLUMBUS,OH,UNITED STATES,0,0,1,0,0,0
-82.869559722,39.9914086110001,267,64DED802-93DD-4D3E-B148-D5053512B988,,14,I-AQI,,,,,,COLUMBUS,OH,UNITED STATES,0,0,1,0,0,0
-71.508145278,43.2089291670001,268,7E2D4EAA-1D46-4AE4-B54C-A9DF95FB8B11,,14,I-CON,,,,,,CONCORD,NH,UNITED STATES,0,0,1,0,0,0
-96.4013925,42.4119866670001,269,CEA32347-543A-4291-AE51-8EE62ECBB400,,14,I-SUX,,,,,,SIOUX CITY,IA,UNITED STATES,0,0,1,0,0,0
-82.978488333,32.575913056,270,F994F91A-F269-427B-85DB-7E56E125FA25,,14,I-DBN,,,,,,DUBLIN,GA,UNITED STATES,0,0,1,0,0,0
-80.271427778,25.7878944440001,271,6F408C0A-1DBC-4F36-953D-F073B9A8FA83,,14,I-BUL,,,,,,MIAMI,FL,UNITED STATES,0,0,0,0,1,0
-124.2396275,43.4233177780001,272,E90FCFE0-23DE-4B60-A69E-619C7E9ABE9D,,14,I-OTH,,,,,,NORTH BEND,OR,UNITED STATES,0,0,1,0,0,0
-121.162075,45.618694444,273,DA9F3316-85DE-407F-A29E-8E4359E8CD4F,,13,I-DLS,,,,,,THE DALLES,OR,UNITED STATES,0,0,1,0,0,0
-93.617715,42.0003222220001,274,B3AD3CD0-9C31-4CB5-8B77-FEC538EE9832,,14,I-EEE,,,,,,AMES,IA,UNITED STATES,0,0,1,0,0,0
-82.575393611,38.373379722,275,F570A589-F047-4FFD-AFCF-DC78D60BCEB2,,14,I-TUU,,,,,,HUNTINGTON,WV,UNITED STATES,0,0,1,0,0,0
-123.483891111,48.116225,276,4237A89F-9944-4059-A189-D52149511D2A,,14,I-CLM,,,,,,PORT ANGELES,WA,UNITED STATES,0,0,1,0,0,0
-82.5473594439999,38.3642911110001,277,B2988FF5-8768-4F66-8AA7-CD9C5158BB0F,,14,I-HTS,,,,,,HUNTINGTON,WV,UNITED STATES,0,0,1,0,0,0
-92.4595313889999,41.113759444,278,6917AC85-0358-4E17-ADE1-AE9B423A1BC2,,14,I-OTM,,,,,,OTTUMWA,IA,UNITED STATES,0,0,1,0,0,0
-95.983578611,36.0477180560001,279,301EA2AC-F497-4EB0-8B0D-5739CF63F6BB,,14,I-RVS,,,,,,TULSA,OK,UNITED STATES,0,0,1,0,0,0
-98.95485,31.7844372220001,280,40928261-7394-4FAD-AAC2-34F4A0174EE5,,13,I-BWD,,,,,,BROWNWOOD,TX,UNITED STATES,0,0,1,0,0,0
-75.5196047219999,38.347734722,281,B5CB513D-F05A-4263-B0AE-8C99A743D07D,,14,I-SBY,,,,,,SALISBURY,MD,UNITED STATES,0,0,1,0,1,0
-76.012241667,43.9973138890001,282,5C6F3878-1ADC-46BF-B152-9745608C7E6A,,14,I-ART,,,,,,WATERTOWN,NY,UNITED STATES,0,0,1,0,0,0
-86.696101389,36.1418475,283,286EC7CC-0327-4F5A-807D-DC2423554ECE,,14,I-PNO,,,,,,NASHVILLE,TN,UNITED STATES,0,0,1,0,0,0
-79.195288056,37.3339197220001,284,32F334E4-D4CB-47FC-BFF2-E762C029713A,,14,I-LYH,,,,,,LYNCHBURG,VA,UNITED STATES,0,0,1,0,0,0
